Pokémon,Sentiment,Sentiment_stemmed,Type,HP,Attack,Defense,SpAtk,SpDef,Speed,Total,Generation,Legendary
Voltorb,5.8788888888888895,5.9028,Electric,40,30,50,55,55,100,330,I,None
Electrode,5.7164705882352935,5.585263157894738,Electric,60,50,70,80,80,140,480,I,None
Exeggcute,5.632933333333333,5.5770967741935475,"('Grass', 'Psychic')",60,40,80,60,45,40,325,I,None
Exeggutor,5.623797468354431,5.669999999999999,"('Grass', 'Psychic')",95,95,85,125,65,55,520,I,None
Cubone,5.261880341880347,5.271666666666668,Ground,50,50,95,40,50,35,320,I,None
Marowak,5.2855294117647045,5.235624999999998,Ground,60,80,110,50,80,45,425,I,None
Hitmonlee,5.620138888888892,5.462000000000005,Fighting,50,120,53,35,110,87,455,I,None
Hitmonchan,5.456249999999999,5.379818181818181,Fighting,50,105,79,35,110,76,455,I,None
Lickitung,5.599999999999999,5.646,Normal,90,55,75,60,75,30,385,I,None
Koffing,5.480925925925927,5.4705,Poison,40,65,95,60,45,35,340,I,None
Caterpie,5.780967741935482,5.799423076923077,Bug,45,30,35,20,20,45,195,I,None
Weezing,5.3935999999999975,5.348705882352942,Poison,65,90,120,85,70,60,490,I,None
Rhyhorn,5.3732467532467565,5.310588235294118,"('Ground', 'Rock')",80,85,95,30,30,25,345,I,None
Rhydon,5.440000000000001,5.343333333333334,"('Ground', 'Rock')",105,130,120,45,45,40,485,I,None
Chansey,5.7955555555555565,5.744107142857143,Normal,250,5,5,35,105,50,450,I,None
Tangela,5.505869565217392,5.561136363636364,Grass,65,55,115,100,40,60,435,I,None
Kangaskhan,5.582205882352941,5.6535185185185215,Normal,105,95,80,40,80,90,490,I,None
Horsea,5.754576271186438,5.653877551020408,Water,30,40,70,70,25,60,295,I,None
Seadra,5.539272727272729,5.592083333333335,Water,55,65,95,95,45,85,440,I,None
Goldeen,5.909166666666668,5.771904761904763,Water,45,67,60,35,50,63,320,I,None
Seaking,5.780465116279068,5.703783783783784,Water,80,92,65,65,80,68,450,I,None
Metapod,5.4172,5.563846153846155,Bug,50,20,55,25,25,30,205,I,None
Staryu,5.7109999999999985,5.778181818181817,Water,30,45,55,70,55,85,340,I,None
Starmie,5.777012987012987,5.721269841269843,"('Psychic', 'Water')",60,75,85,100,85,115,520,I,None
Mr. Mime,5.826393442622953,5.6658181818181825,"('Fairy', 'Psychic')",40,45,65,100,120,90,460,I,None
Scyther,5.565365853658537,5.520869565217391,"('Bug', 'Flying')",70,110,80,55,80,105,500,I,None
Jynx,5.704189189189191,5.780655737704919,"('Ice', 'Psychic')",65,50,35,115,95,95,455,I,None
Electabuzz,5.469150943396229,5.484459459459461,Electric,65,83,57,95,85,105,490,I,None
Magmar,5.409651162790699,5.3888571428571455,Fire,65,95,57,100,85,93,495,I,None
Pinsir,5.476854838709676,5.4626363636363635,Bug,65,125,100,55,70,85,500,I,None
Tauros,5.282539682539683,5.314464285714289,Normal,75,100,95,40,70,110,490,I,None
Magikarp,5.684285714285713,5.736065573770491,Water,20,10,55,15,20,80,200,I,None
Butterfree,5.782857142857145,5.634848484848487,"('Bug', 'Flying')",60,45,50,80,80,70,385,I,None
Gyarados,5.489387755102039,5.411461538461536,"('Flying', 'Water')",95,125,79,60,100,81,540,I,None
Lapras,5.746615384615384,5.659464285714287,"('Ice', 'Water')",130,85,80,85,95,60,535,I,None
Ditto,5.6394805194805215,5.558275862068964,Normal,48,48,48,48,48,48,288,I,None
Eevee,5.678015267175572,5.626633663366334,Normal,55,55,50,45,65,55,325,I,None
Vaporeon,5.6343421052631575,5.6275999999999975,Water,130,65,60,110,95,65,525,I,None
Jolteon,5.489827586206896,5.530222222222222,Electric,65,65,60,110,95,130,525,I,None
Flareon,5.37265306122449,5.436888888888888,Fire,65,130,60,95,110,65,525,I,None
Porygon,5.7948192771084335,5.736393442622951,Normal,65,60,70,85,75,40,395,I,None
Omanyte,5.345454545454546,5.389666666666666,"('Rock', 'Water')",35,40,100,90,55,35,355,I,None
Omastar,5.2914545454545445,5.286888888888888,"('Rock', 'Water')",70,60,125,115,70,55,495,I,None
Weedle,5.715106382978723,5.551463414634147,"('Bug', 'Poison')",40,35,30,20,20,50,195,I,None
Kabuto,5.703000000000002,5.771162790697674,"('Rock', 'Water')",30,80,90,55,45,55,355,I,None
Kabutops,5.4427272727272715,5.508448275862068,"('Rock', 'Water')",60,115,105,65,70,80,495,I,None
Aerodactyl,5.591376811594204,5.585217391304346,"('Flying', 'Rock')",80,105,65,60,75,130,515,I,None
Snorlax,5.630379746835443,5.59,Normal,160,110,65,65,110,30,540,I,None
Articuno,5.392222222222222,5.541929824561403,"('Flying', 'Ice')",90,85,100,95,125,85,580,I,Legendary
Zapdos,5.624745762711863,5.648163265306122,"('Electric', 'Flying')",90,90,85,125,90,100,580,I,Legendary
Moltres,5.636730769230767,5.629183673469387,"('Fire', 'Flying')",90,100,90,125,85,90,580,I,Legendary
Dratini,5.745217391304347,5.6802380952380975,Dragon,41,64,45,50,50,50,300,I,None
Dragonair,5.786101694915256,5.7441666666666675,Dragon,61,84,65,70,70,70,420,I,None
Dragonite,5.660246913580247,5.688923076923077,"('Dragon', 'Flying')",91,134,95,100,100,80,600,I,None
Kakuna,5.438684210526315,5.409722222222222,"('Bug', 'Poison')",45,25,50,25,25,35,205,I,None
Mewtwo,5.527708333333335,5.542628865979379,Psychic,106,110,90,154,90,130,680,I,Legendary
Mew,5.9334883720930245,5.856363636363637,Psychic,100,100,100,100,100,100,600,I,Mythical
Chikorita,5.724901960784315,5.784634146341463,Grass,45,49,65,49,65,45,318,II,None
Bayleef,5.571891891891892,5.4913333333333325,Grass,60,62,80,63,80,60,405,II,None
Meganium,5.645238095238095,5.700540540540541,Grass,80,82,100,83,100,80,525,II,None
Cyndaquil,5.277962962962963,5.341162790697675,Fire,39,52,43,60,50,65,309,II,None
Quilava,5.237272727272729,5.412894736842107,Fire,58,64,58,80,65,80,405,II,None
Typhlosion,5.436727272727274,5.254186046511628,Fire,78,84,78,109,85,100,534,II,None
Totodile,5.4857407407407415,5.5626,Water,50,65,64,44,48,43,314,II,None
Croconaw,5.4825423728813565,5.495740740740743,Water,65,80,80,59,63,58,405,II,None
Beedrill,5.391452991452992,5.292222222222222,"('Bug', 'Poison')",65,80,40,45,80,75,385,I,None
Feraligatr,5.445222222222222,5.4088636363636375,Water,85,105,100,79,83,78,530,II,None
Sentret,5.428703703703705,5.373469387755098,Normal,35,46,34,35,45,20,215,II,None
Furret,5.531343283582089,5.536190476190477,Normal,85,76,64,45,55,90,415,II,None
Hoothoot,5.672727272727273,5.660645161290324,"('Flying', 'Normal')",60,30,30,36,56,50,262,II,None
Noctowl,5.582142857142856,5.5497183098591565,"('Flying', 'Normal')",100,50,50,76,96,70,442,II,None
Ledyba,5.619999999999999,5.5691176470588255,"('Bug', 'Flying')",40,20,30,40,80,55,265,II,None
Ledian,5.853176470588235,5.777721518987341,"('Bug', 'Flying')",55,35,50,55,110,85,390,II,None
Spinarak,5.481492537313434,5.443125,"('Bug', 'Poison')",40,60,40,40,40,30,250,II,None
Ariados,5.406781609195403,5.343466666666669,"('Bug', 'Poison')",70,90,70,60,60,40,390,II,None
Crobat,5.465051546391753,5.350897435897439,"('Flying', 'Poison')",85,90,80,70,80,130,535,II,None
Pidgey,5.404925373134328,5.412031250000001,"('Flying', 'Normal')",40,45,40,35,35,56,251,I,None
Chinchou,5.744603174603176,5.7602040816326525,"('Electric', 'Water')",75,38,38,56,56,67,330,II,None
Lanturn,5.6260975609756105,5.544871794871794,"('Electric', 'Water')",125,58,58,76,76,67,460,II,None
Pichu,5.608591549295776,5.676140350877192,Electric,20,40,15,35,35,60,205,II,None
Cleffa,5.697931034482759,5.622291666666667,Fairy,50,25,28,45,55,15,218,II,None
Igglybuff,5.592244897959184,5.512727272727271,"('Fairy', 'Normal')",90,30,15,40,20,15,210,II,None
Togepi,5.759189189189189,5.70078125,Fairy,35,20,65,40,65,20,245,II,None
Togetic,5.961999999999998,5.8723809523809525,"('Fairy', 'Flying')",55,40,85,80,105,40,405,II,None
Natu,5.827313432835821,5.69761904761905,"('Flying', 'Psychic')",40,50,45,70,45,70,320,II,None
Xatu,5.788873239436621,5.720882352941179,"('Flying', 'Psychic')",65,75,70,95,70,95,470,II,None
Mareep,5.707105263157897,5.756307692307693,Electric,55,40,40,65,45,35,280,II,None
Pidgeotto,5.789473684210527,5.625789473684211,"('Flying', 'Normal')",63,60,55,50,50,71,349,I,None
Flaaffy,5.459090909090909,5.45382978723404,Electric,70,55,55,80,60,45,365,II,None
Ampharos,5.671999999999999,5.632698412698411,Electric,90,75,75,115,90,55,500,II,None
Bellossom,5.8093846153846185,5.798490566037737,Grass,75,80,85,90,100,50,480,II,None
Marill,5.749230769230769,5.766491228070175,"('Fairy', 'Water')",70,20,50,20,50,40,250,II,None
Azumarill,5.699814814814816,5.667254901960785,"('Fairy', 'Water')",100,50,80,50,80,50,410,II,None
Sudowoodo,5.604237288135593,5.5413999999999985,Rock,70,100,115,30,65,30,410,II,None
Politoed,5.774736842105264,5.913749999999999,Water,90,75,75,90,100,70,500,II,None
Hoppip,5.622203389830507,5.556666666666665,"('Flying', 'Grass')",35,35,40,35,55,50,250,II,None
Skiploom,6.095294117647057,6.1081249999999985,"('Flying', 'Grass')",55,45,50,45,65,80,340,II,None
Jumpluff,5.765471698113207,5.7416363636363625,"('Flying', 'Grass')",75,55,70,55,85,110,450,II,None
Pidgeot,5.81301724137931,5.790833333333333,"('Flying', 'Normal')",83,80,75,70,70,91,469,I,None
Aipom,5.875476190476191,5.846521739130436,Normal,55,70,55,40,55,85,360,II,None
Sunkern,5.478500000000001,5.37272727272727,Grass,30,30,30,30,30,30,180,II,None
Sunflora,5.994117647058824,5.939545454545455,Grass,75,75,55,105,85,30,425,II,None
Yanma,5.659264705882355,5.616307692307693,"('Bug', 'Flying')",65,65,45,75,45,95,390,II,None
Wooper,5.553684210526315,5.6074,"('Ground', 'Water')",55,45,45,25,25,15,210,II,None
Quagsire,5.66746835443038,5.683043478260869,"('Ground', 'Water')",95,85,85,65,65,35,430,II,None
Espeon,5.727297297297298,5.76741935483871,Psychic,65,65,60,130,95,110,525,II,None
Umbreon,5.449298245614036,5.385094339622642,Dark,95,65,110,60,130,65,525,II,None
Murkrow,5.498787878787876,5.544920634920636,"('Dark', 'Flying')",60,85,42,85,42,91,405,II,None
Slowking,5.758202247191013,5.715151515151514,"('Psychic', 'Water')",95,75,80,100,110,30,490,II,None
Rattata,5.6151754385964905,5.6141489361702135,Normal,30,56,35,25,35,72,253,I,None
Bulbasaur,5.803157894736844,5.761898734177217,"('Grass', 'Poison')",45,49,49,65,65,45,318,I,None
Misdreavus,5.3020408163265325,5.3563414634146325,Ghost,60,60,60,85,85,85,435,II,None
Unown,5.824352941176469,5.8047761194029865,Psychic,48,72,48,72,48,48,336,II,None
Wobbuffet,5.27016393442623,5.324117647058823,Psychic,190,33,58,33,58,33,405,II,None
Girafarig,5.53514705882353,5.539508196721312,"('Normal', 'Psychic')",70,80,65,90,65,85,455,II,None
Pineco,5.591315789473685,5.434516129032258,Bug,50,65,90,35,35,15,290,II,None
Forretress,5.440499999999999,5.499999999999999,"('Bug', 'Steel')",75,90,140,60,60,40,465,II,None
Dunsparce,5.52340909090909,5.4913333333333325,Normal,100,70,70,65,65,45,415,II,None
Gligar,5.48269230769231,5.463857142857145,"('Flying', 'Ground')",65,75,105,35,65,85,430,II,None
Steelix,5.533246753246754,5.448951612903227,"('Ground', 'Steel')",75,85,200,55,65,30,510,II,None
Snubbull,5.462666666666667,5.527727272727272,Fairy,60,80,50,40,40,30,300,II,None
Raticate,5.680948905109488,5.648235294117644,Normal,55,81,60,50,70,97,413,I,None
Granbull,5.149545454545455,5.174888888888888,Fairy,90,120,75,60,60,45,450,II,None
Qwilfish,5.500357142857141,5.3510416666666645,"('Poison', 'Water')",65,95,75,55,55,85,430,II,None
Scizor,5.445785714285713,5.439831932773111,"('Bug', 'Steel')",70,130,100,55,80,65,500,II,None
Shuckle,5.6193333333333335,5.6455172413793075,"('Bug', 'Rock')",20,10,230,10,230,5,505,II,None
Heracross,5.666201550387592,5.606486486486482,"('Bug', 'Fighting')",80,125,75,40,95,85,500,II,None
Sneasel,5.464333333333332,5.41537037037037,"('Dark', 'Ice')",55,95,55,35,75,115,430,II,None
Teddiursa,5.853913043478262,5.867608695652175,Normal,60,80,50,50,50,40,330,II,None
Ursaring,5.721923076923077,5.736388888888893,Normal,90,130,75,75,75,55,500,II,None
Slugma,5.649636363636365,5.6115555555555545,Fire,40,40,40,70,40,20,250,II,None
Magcargo,5.516166666666666,5.489622641509434,"('Fire', 'Rock')",50,50,120,80,80,30,410,II,None
Spearow,5.4624324324324345,5.447014925373135,"('Flying', 'Normal')",40,60,30,31,31,70,262,I,None
Swinub,5.630370370370371,5.6637999999999975,"('Ground', 'Ice')",50,50,40,30,30,50,250,II,None
Piloswine,5.402068965517241,5.480925925925926,"('Ground', 'Ice')",100,100,80,60,60,50,450,II,None
Corsola,5.664637681159421,5.796491228070175,"('Rock', 'Water')",55,55,85,65,85,35,380,II,None
Remoraid,5.4962500000000025,5.443928571428573,Water,35,65,35,65,35,65,300,II,None
Octillery,5.568771929824563,5.457833333333332,Water,75,105,75,105,75,45,480,II,None
Delibird,5.772857142857142,5.92101694915254,"('Flying', 'Ice')",45,55,45,65,45,75,330,II,None
Mantine,5.805599999999999,5.759318181818184,"('Flying', 'Water')",65,40,70,80,140,70,465,II,None
Skarmory,5.40873417721519,5.4220000000000015,"('Flying', 'Steel')",65,80,140,40,70,70,465,II,None
Houndour,5.387307692307693,5.3422448979591834,"('Dark', 'Fire')",45,60,30,80,50,65,330,II,None
Houndoom,5.393357142857144,5.298632478632476,"('Dark', 'Fire')",75,90,50,110,80,95,500,II,None
Fearow,5.622077922077922,5.633529411764705,"('Flying', 'Normal')",65,90,65,61,61,100,442,I,None
Kingdra,5.809687500000001,5.639137931034485,"('Dragon', 'Water')",75,95,95,95,95,85,540,II,None
Phanpy,5.625396825396826,5.610000000000001,Ground,90,60,60,40,40,40,330,II,None
Donphan,5.520136986301369,5.371449275362319,Ground,90,120,120,60,60,50,500,II,None
Porygon2,5.855789473684213,5.710697674418602,Normal,85,80,90,105,95,60,515,II,None
Stantler,5.362352941176471,5.2763829787234044,Normal,73,95,62,85,65,85,465,II,None
Smeargle,5.755161290322581,5.77,Normal,55,20,35,20,45,75,250,II,None
Tyrogue,5.5089393939393965,5.449591836734693,Fighting,35,35,35,35,35,35,210,II,None
Hitmontop,5.632352941176473,5.582456140350877,Fighting,50,95,95,35,110,70,455,II,None
Smoochum,5.820937500000002,5.763404255319152,"('Ice', 'Psychic')",45,30,15,85,65,65,305,II,None
Elekid,5.480727272727271,5.470217391304352,Electric,45,63,37,65,55,95,360,II,None
Ekans,5.5757333333333365,5.494444444444446,Poison,35,60,44,40,54,55,288,I,None
Magby,5.542444444444443,5.6171428571428565,Fire,45,75,37,70,55,83,365,II,None
Miltank,5.720315789473686,5.685000000000001,Normal,95,80,105,40,70,100,490,II,None
Blissey,5.605862068965516,5.516888888888887,Normal,255,10,10,75,135,55,540,II,None
Raikou,5.53890243902439,5.453648648648648,Electric,90,85,75,115,100,115,580,II,Legendary
Entei,5.603666666666667,5.574310344827584,Fire,115,115,85,90,75,100,580,II,Legendary
Suicune,5.635178571428571,5.6498148148148175,Water,100,75,115,90,115,85,580,II,Legendary
Larvitar,5.570188679245282,5.588333333333334,"('Ground', 'Rock')",50,64,50,45,50,41,300,II,None
Pupitar,5.59452380952381,5.5379999999999985,"('Ground', 'Rock')",70,84,70,65,70,51,410,II,None
Tyranitar,5.6052500000000025,5.5213970588235295,"('Dark', 'Rock')",100,134,110,95,100,61,600,II,None
Lugia,5.560686274509803,5.472888888888887,"('Flying', 'Psychic')",106,90,130,90,154,110,680,II,Legendary
Arbok,5.432068965517242,5.380430107526884,Poison,60,85,69,65,79,80,438,I,None
Ho-Oh,5.8118750000000015,5.914237288135593,"('Fire', 'Flying')",106,130,90,110,154,90,680,II,Legendary
Celebi,6.024642857142857,6.00953125,"('Grass', 'Psychic')",100,100,100,100,100,100,600,II,Mythical
Treecko,5.530724637681159,5.51767857142857,Grass,40,45,35,65,55,70,310,III,None
Grovyle,5.8130232558139525,5.813783783783784,Grass,50,65,45,85,65,95,405,III,None
Sceptile,5.548098591549294,5.529344262295082,Grass,70,85,65,105,85,120,530,III,None
Torchic,5.418076923076924,5.474565217391305,Fire,45,60,40,70,50,45,310,III,None
Combusken,5.473673469387755,5.3559459459459475,"('Fighting', 'Fire')",60,85,60,85,60,55,405,III,None
Blaziken,5.520780141843972,5.499047619047619,"('Fighting', 'Fire')",80,120,70,110,70,80,530,III,None
Mudkip,5.83078431372549,5.860731707317072,Water,50,70,50,50,50,40,310,III,None
Marshtomp,5.6105769230769225,5.735681818181818,"('Ground', 'Water')",70,85,70,60,70,50,405,III,None
Pikachu,5.6536363636363625,5.5880225988700545,Electric,35,55,30,50,40,90,300,I,None
Swampert,5.6871538461538425,5.596146788990824,"('Ground', 'Water')",100,110,90,85,90,60,535,III,None
Poochyena,5.321250000000001,5.2568085106382965,Dark,35,55,35,30,30,35,220,III,None
Mightyena,5.397857142857144,5.221399999999999,Dark,70,90,70,60,60,70,420,III,None
Zigzagoon,5.384339622641512,5.447884615384615,Normal,38,30,41,30,41,60,240,III,None
Linoone,5.4057575757575735,5.344444444444443,Normal,78,70,61,50,61,100,420,III,None
Wurmple,5.457096774193548,5.387454545454545,Bug,45,45,35,20,30,20,195,III,None
Silcoon,5.597297297297295,5.57032258064516,Bug,50,35,55,25,25,15,205,III,None
Beautifly,5.519811320754719,5.491666666666666,"('Bug', 'Flying')",60,70,50,90,50,65,385,III,None
Cascoon,5.388367346938776,5.014857142857143,Bug,50,35,55,25,25,15,205,III,None
Dustox,5.856274509803924,5.757916666666668,"('Bug', 'Poison')",60,50,70,50,90,65,385,III,None
Raichu,5.650574712643678,5.622761194029846,Electric,60,90,55,90,80,100,475,I,None
Lotad,5.6687179487179495,5.663125000000001,"('Grass', 'Water')",40,30,30,40,50,30,220,III,None
Lombre,5.870754716981133,5.834666666666665,"('Grass', 'Water')",60,50,50,60,70,50,340,III,None
Ludicolo,5.844558823529414,5.8047272727272725,"('Grass', 'Water')",80,70,70,90,100,70,480,III,None
Seedot,5.40175,5.452121212121212,Grass,40,40,50,30,30,30,220,III,None
Nuzleaf,5.743469387755103,5.810000000000001,"('Dark', 'Grass')",70,70,40,60,40,60,340,III,None
Shiftry,5.684029850746271,5.6947368421052635,"('Dark', 'Grass')",90,100,60,90,60,80,480,III,None
Taillow,5.322708333333334,5.534375,"('Flying', 'Normal')",40,55,30,30,30,85,270,III,None
Swellow,5.662037037037037,5.670338983050848,"('Flying', 'Normal')",60,85,60,50,50,125,430,III,None
Wingull,5.82060606060606,5.747419354838711,"('Flying', 'Water')",40,30,30,55,30,85,270,III,None
Pelipper,5.732777777777778,5.799142857142859,"('Flying', 'Water')",60,50,100,85,70,65,430,III,None
Sandshrew,5.411919191919191,5.455760869565218,Ground,50,75,85,20,30,40,300,I,None
Ralts,5.810294117647063,5.828148148148147,"('Fairy', 'Psychic')",28,25,25,45,35,40,198,III,None
Kirlia,5.800153846153848,5.684313725490195,"('Fairy', 'Psychic')",38,35,35,65,55,50,278,III,None
Gardevoir,5.670204081632653,5.637701149425287,"('Fairy', 'Psychic')",68,65,65,125,115,80,518,III,None
Surskit,5.806136363636364,5.7637837837837855,"('Bug', 'Water')",40,30,32,50,52,65,269,III,None
Masquerain,5.647586206896553,5.786046511627905,"('Bug', 'Flying')",70,60,62,80,82,60,414,III,None
Shroomish,5.528461538461536,5.425681818181819,Grass,60,40,60,40,60,35,295,III,None
Breloom,5.688793103448275,5.726153846153848,"('Fighting', 'Grass')",60,130,80,60,60,70,460,III,None
Slakoth,5.734705882352941,5.6996551724137925,Normal,60,60,60,35,35,30,280,III,None
Vigoroth,5.394545454545455,5.365166666666668,Normal,80,80,80,55,55,90,440,III,None
Slaking,5.887368421052632,5.830400000000003,Normal,150,160,100,95,65,100,670,III,None
Sandslash,5.383263157894738,5.418518518518519,Ground,75,100,110,45,55,65,450,I,None
Nincada,5.8008823529411755,5.656216216216217,"('Bug', 'Ground')",31,45,90,30,30,40,266,III,None
Ninjask,5.450465116279073,5.5005000000000015,"('Bug', 'Flying')",61,90,45,50,50,160,456,III,None
Shedinja,5.4985964912280725,5.452678571428572,"('Bug', 'Ghost')",1,90,45,30,30,40,236,III,None
Whismur,5.033333333333333,5.360652173913042,Normal,64,51,23,51,23,28,240,III,None
Loudred,5.637702702702705,5.5544827586206935,Normal,84,71,43,71,43,48,360,III,None
Exploud,5.464871794871796,5.446712328767124,Normal,104,91,63,91,63,68,480,III,None
Makuhita,5.697162162162164,5.597681159420293,Fighting,72,60,30,20,30,25,237,III,None
Hariyama,5.478048780487807,5.40891891891892,Fighting,144,120,60,40,60,50,474,III,None
Azurill,5.573191489361701,5.619756097560973,"('Fairy', 'Normal')",50,20,40,20,40,20,190,III,None
Nosepass,5.4383333333333335,5.4480327868852445,Rock,30,45,135,45,90,30,375,III,None
Nidoran♀,5.1139534883720925,5.128421052631579,Poison,55,47,52,40,40,41,275,I,None
Ivysaur,5.827000000000003,5.824210526315793,"('Grass', 'Poison')",60,62,63,80,80,60,405,I,None
Skitty,5.569574468085107,5.59840909090909,Normal,50,45,45,35,35,50,260,III,None
Delcatty,5.605079365079366,5.599599999999999,Normal,70,65,65,55,55,70,380,III,None
Sableye,5.366746031746034,5.364705882352943,"('Dark', 'Ghost')",50,75,75,65,65,50,380,III,None
Mawile,5.378932038834951,5.3728846153846135,"('Fairy', 'Steel')",50,85,85,55,55,50,380,III,None
Aron,5.489333333333334,5.488928571428571,"('Rock', 'Steel')",50,70,100,40,40,30,330,III,None
Lairon,5.5545161290322556,5.601454545454544,"('Rock', 'Steel')",60,90,140,50,50,40,430,III,None
Aggron,5.307196261682243,5.402346938775512,"('Rock', 'Steel')",70,110,180,60,60,50,530,III,None
Meditite,5.711692307692307,5.597407407407408,"('Fighting', 'Psychic')",30,40,55,40,55,60,280,III,None
Medicham,5.709545454545458,5.667959183673473,"('Fighting', 'Psychic')",60,60,75,60,75,80,410,III,None
Electrike,5.6675,5.63641509433962,Electric,40,45,40,65,40,65,295,III,None
Nidorina,5.4468421052631575,5.516875,Poison,70,62,67,55,55,56,365,I,None
Manectric,5.465833333333332,5.4684210526315775,Electric,70,75,60,105,60,105,475,III,None
Plusle,5.542000000000002,5.50037037037037,Electric,60,50,40,85,75,95,405,III,None
Minun,5.558043478260868,5.780833333333334,Electric,60,40,50,75,85,95,405,III,None
Volbeat,5.930166666666668,5.9147169811320754,Bug,65,73,55,47,75,85,400,III,None
Illumise,5.80618181818182,5.689565217391304,Bug,65,47,55,73,75,85,400,III,None
Roselia,5.634358974358972,5.601971830985915,"('Grass', 'Poison')",50,60,45,100,80,65,400,III,None
Gulpin,5.711794871794872,5.641666666666668,Poison,70,43,53,43,53,40,302,III,None
Swalot,5.515945945945946,5.396999999999999,Poison,100,73,83,73,83,55,467,III,None
Carvanha,5.515400000000002,5.49217391304348,"('Dark', 'Water')",45,90,20,65,20,65,305,III,None
Sharpedo,5.224100000000001,5.2107954545454565,"('Dark', 'Water')",70,120,40,95,40,95,460,III,None
Nidoqueen,5.473506493506496,5.301538461538462,"('Ground', 'Poison')",90,82,87,75,85,76,495,I,None
Wailmer,5.952075471698115,6.0293478260869575,Water,130,70,35,70,35,60,400,III,None
Wailord,5.6513333333333335,5.6440740740740765,Water,170,90,45,90,45,60,500,III,None
Numel,5.4680851063829765,5.4652631578947375,"('Fire', 'Ground')",60,60,40,65,45,35,305,III,None
Camerupt,5.526470588235296,5.455,"('Fire', 'Ground')",70,100,70,105,75,40,460,III,None
Torkoal,5.4256363636363645,5.191702127659572,Fire,70,85,140,85,70,20,470,III,None
Spoink,5.831086956521737,5.84775,Psychic,60,25,35,70,80,60,330,III,None
Grumpig,5.733125000000001,5.795365853658537,Psychic,80,45,65,90,110,80,470,III,None
Spinda,5.429000000000001,5.4721153846153845,Normal,60,60,60,60,60,60,360,III,None
Trapinch,5.5486206896551735,5.331666666666668,Ground,45,100,45,45,45,10,290,III,None
Vibrava,5.5062295081967205,5.409166666666668,"('Dragon', 'Ground')",50,70,50,50,50,70,340,III,None
Nidoran♂,5.417288135593221,5.353265306122449,Poison,46,57,40,40,40,50,273,I,None
Flygon,5.752931034482763,5.666599999999999,"('Dragon', 'Ground')",80,100,80,80,80,100,520,III,None
Cacnea,5.62909090909091,5.517101449275362,Grass,50,85,40,85,40,35,335,III,None
Cacturne,5.532424242424244,5.571551724137932,"('Dark', 'Grass')",70,115,60,115,60,55,475,III,None
Swablu,5.82462962962963,5.993673469387754,"('Flying', 'Normal')",45,40,60,40,75,50,310,III,None
Altaria,5.741775700934577,5.7298039215686245,"('Dragon', 'Flying')",75,70,90,70,105,80,490,III,None
Zangoose,5.390816326530612,5.453111111111111,Normal,73,115,60,60,60,90,458,III,None
Seviper,5.246041666666665,5.303333333333333,Poison,73,100,60,100,60,65,458,III,None
Lunatone,5.902413793103451,5.9396,"('Psychic', 'Rock')",70,55,65,95,85,70,440,III,None
Solrock,5.7201818181818185,5.5234146341463415,"('Psychic', 'Rock')",70,95,85,55,65,70,440,III,None
Barboach,5.2952,5.289565217391305,"('Ground', 'Water')",50,48,43,46,41,60,288,III,None
Nidorino,5.377407407407408,5.075813953488374,Poison,61,72,57,55,55,65,365,I,None
Whiscash,5.695833333333334,5.632954545454545,"('Ground', 'Water')",110,78,73,76,71,60,468,III,None
Corphish,5.800238095238098,5.6961111111111125,Water,43,80,65,50,35,35,308,III,None
Crawdaunt,5.384324324324328,5.465789473684211,"('Dark', 'Water')",63,120,85,90,55,55,468,III,None
Baltoy,5.461860465116278,5.514594594594595,"('Ground', 'Psychic')",40,40,55,40,70,55,300,III,None
Claydol,5.833703703703708,5.778750000000001,"('Ground', 'Psychic')",60,70,105,70,120,75,500,III,None
Lileep,5.8070588235294105,5.8379069767441845,"('Grass', 'Rock')",66,41,77,61,87,23,355,III,None
Cradily,5.634482758620693,5.6283050847457625,"('Grass', 'Rock')",86,81,97,81,107,43,495,III,None
Anorith,5.5587755102040814,5.68,"('Bug', 'Rock')",45,95,50,40,50,75,355,III,None
Armaldo,5.416813186813187,5.401363636363636,"('Bug', 'Rock')",75,125,100,70,80,45,495,III,None
Feebas,5.457755102040816,5.466571428571429,Water,20,15,20,10,55,80,200,III,None
Nidoking,5.372058823529413,5.373584905660378,"('Ground', 'Poison')",81,92,77,85,75,85,495,I,None
Milotic,5.547594936708863,5.525294117647059,Water,95,60,79,100,125,81,540,III,None
Castform,5.612461538461535,5.679787234042553,Normal,70,70,70,70,70,70,420,III,None
Kecleon,5.649113924050632,5.627187499999998,Normal,60,90,70,60,120,40,440,III,None
Shuppet,5.463333333333333,5.615172413793105,Ghost,44,75,35,63,33,45,295,III,None
Banette,5.5225217391304335,5.510784313725488,Ghost,64,115,65,83,63,65,455,III,None
Duskull,5.435945945945946,5.494999999999999,Ghost,20,40,90,30,90,25,295,III,None
Dusclops,5.604473684210528,5.7025000000000015,Ghost,40,70,130,60,130,25,455,III,None
Tropius,6.0453846153846165,6.04037037037037,"('Flying', 'Grass')",99,68,83,72,87,51,460,III,None
Chimecho,5.712727272727271,5.713157894736841,Psychic,65,50,70,95,80,65,425,III,None
Absol,5.4468224299065415,5.4750000000000005,Dark,65,130,60,75,60,75,465,III,None
Clefairy,5.818918918918919,5.819375,Fairy,70,45,48,60,65,35,323,I,None
Wynaut,5.730000000000001,5.690178571428574,Psychic,95,23,48,23,48,23,260,III,None
Snorunt,5.798000000000001,5.6923076923076925,Ice,50,50,50,50,50,50,300,III,None
Glalie,5.4265306122448935,5.404938271604938,Ice,80,80,80,80,80,80,480,III,None
Spheal,5.6552083333333325,5.673829787234043,"('Ice', 'Water')",70,40,50,55,50,25,290,III,None
Sealeo,5.535094339622642,5.525490196078434,"('Ice', 'Water')",90,60,70,75,70,45,410,III,None
Walrein,5.395322580645164,5.5100000000000025,"('Ice', 'Water')",110,80,90,95,90,65,530,III,None
Clamperl,5.6951470588235305,5.69271186440678,Water,35,64,85,74,55,32,345,III,None
Huntail,5.5319298245614075,5.594186046511627,Water,55,104,105,94,75,52,485,III,None
Gorebyss,5.625384615384616,5.722280701754388,Water,55,84,105,114,75,52,485,III,None
Relicanth,5.603529411764703,5.560888888888887,"('Rock', 'Water')",100,90,130,45,65,55,485,III,None
Clefable,5.486617647058823,5.4881249999999975,Fairy,95,70,73,85,90,60,473,I,None
Luvdisc,6.006086956521739,6.039999999999999,Water,43,30,55,40,65,97,330,III,None
Bagon,5.553278688524591,5.44140350877193,Dragon,45,75,60,40,30,50,300,III,None
Shelgon,5.404468085106382,5.52205128205128,Dragon,65,95,100,60,50,50,420,III,None
Salamence,5.456845637583894,5.3651145038167956,"('Dragon', 'Flying')",95,135,80,110,80,100,600,III,None
Beldum,5.391836734693877,5.289545454545453,"('Psychic', 'Steel')",40,55,80,35,60,30,300,III,None
Metang,5.6501265822784825,5.58268656716418,"('Psychic', 'Steel')",60,75,100,55,80,50,420,III,None
Metagross,5.587066666666665,5.528319327731088,"('Psychic', 'Steel')",80,135,130,95,90,70,600,III,None
Regirock,5.5651219512195125,5.651176470588236,Rock,80,100,200,50,100,50,580,III,Legendary
Regice,5.79,5.695555555555559,Ice,80,50,100,100,200,50,580,III,Legendary
Registeel,5.4256249999999975,5.340740740740742,Steel,80,75,150,75,150,50,580,III,Legendary
Vulpix,5.477903225806452,5.431923076923078,Fire,38,41,40,50,65,65,299,I,None
Latias,5.677795275590551,5.598715596330275,"('Dragon', 'Psychic')",80,80,90,110,130,110,600,III,Legendary
Latios,5.732666666666664,5.643364485981313,"('Dragon', 'Psychic')",80,90,80,130,110,110,600,III,Legendary
Kyogre,5.743018867924527,5.6974285714285715,Water,100,100,90,150,140,90,670,III,Legendary
Groudon,5.60920792079208,5.600617283950618,Ground,100,150,140,100,90,90,670,III,Legendary
Rayquaza,5.687365853658539,5.675465116279072,"('Dragon', 'Flying')",105,150,90,150,90,95,680,III,Legendary
Jirachi,5.672184873949583,5.612788461538463,"('Psychic', 'Steel')",100,100,100,100,100,100,600,III,Mythical
Deoxys,5.534560669456068,5.458292682926826,Psychic,50,150,50,150,50,150,600,III,Mythical
Turtwig,5.643414634146341,5.575294117647057,Grass,55,68,64,45,55,31,318,IV,None
Grotle,5.882881355932204,5.900980392156867,Grass,75,89,85,55,65,36,405,IV,None
Torterra,5.677682926829268,5.658815789473684,"('Grass', 'Ground')",95,109,105,75,85,56,525,IV,None
Ninetales,5.487560975609753,5.479189189189189,Fire,73,76,75,81,100,100,505,I,None
Chimchar,5.503692307692307,5.494385964912278,Fire,44,58,44,58,44,61,309,IV,None
Monferno,5.472580645161291,5.508977272727275,"('Fighting', 'Fire')",64,78,52,78,52,81,405,IV,None
Infernape,5.691250000000003,5.577142857142858,"('Fighting', 'Fire')",76,104,71,104,71,108,534,IV,None
Piplup,5.448196721311477,5.5071666666666665,Water,53,51,53,61,56,40,314,IV,None
Prinplup,5.65265306122449,5.55086956521739,Water,64,66,68,81,76,50,405,IV,None
Empoleon,5.599538461538462,5.6517460317460335,"('Steel', 'Water')",84,86,88,111,101,60,530,IV,None
Starly,5.429027777777778,5.425223880597015,"('Flying', 'Normal')",40,55,30,30,30,60,245,IV,None
Staravia,5.453333333333334,5.433392857142856,"('Flying', 'Normal')",55,75,50,40,40,80,340,IV,None
Staraptor,5.378923076923076,5.424905660377358,"('Flying', 'Normal')",85,120,70,50,50,100,475,IV,None
Bidoof,5.481272727272729,5.448367346938776,Normal,59,45,40,35,40,31,250,IV,None
Jigglypuff,5.861066666666669,5.959473684210527,"('Fairy', 'Normal')",115,45,20,45,25,20,270,I,None
Venusaur,5.913981481481477,5.947525773195872,"('Grass', 'Poison')",80,82,83,100,100,80,525,I,None
Bibarel,5.421499999999997,5.434032258064515,"('Normal', 'Water')",79,85,60,55,60,71,410,IV,None
Kricketot,5.562500000000001,5.417948717948718,Bug,37,25,41,25,41,25,194,IV,None
Kricketune,5.30688524590164,5.424528301886793,Bug,77,85,51,55,51,65,384,IV,None
Shinx,5.5567241379310355,5.469807692307692,Electric,45,65,34,40,34,45,263,IV,None
Luxio,5.858301886792454,5.7462222222222215,Electric,60,85,49,60,49,60,363,IV,None
Luxray,5.749298245614037,5.658703703703704,Electric,80,120,79,95,79,70,523,IV,None
Budew,5.74125,5.829714285714285,"('Grass', 'Poison')",40,30,35,50,70,55,280,IV,None
Roserade,5.656379310344829,5.505357142857144,"('Grass', 'Poison')",60,70,55,125,105,90,505,IV,None
Cranidos,5.387249999999997,5.235277777777776,Rock,67,125,40,30,30,58,350,IV,None
Rampardos,5.365256410256409,5.310563380281692,Rock,97,165,60,65,50,58,495,IV,None
Wigglytuff,5.707213114754097,5.664814814814815,"('Fairy', 'Normal')",140,70,45,75,50,45,425,I,None
Shieldon,5.464500000000001,5.709117647058824,"('Rock', 'Steel')",30,42,118,42,88,30,350,IV,None
Bastiodon,5.414222222222223,5.430000000000002,"('Rock', 'Steel')",60,52,168,47,138,30,495,IV,None
Burmy,5.4857407407407415,5.5106521739130425,Bug,40,29,45,29,45,36,224,IV,None
Wormadam,5.57612244897959,5.650888888888887,"('Bug', 'Grass')",60,59,85,79,105,36,424,IV,None
Mothim,5.687115384615384,5.499302325581397,"('Bug', 'Flying')",70,94,50,94,50,66,424,IV,None
Combee,5.660674157303372,5.574743589743591,"('Bug', 'Flying')",30,30,42,30,42,70,244,IV,None
Vespiquen,5.758111111111113,5.7746753246753295,"('Bug', 'Flying')",70,80,102,80,102,40,474,IV,None
Pachirisu,5.790857142857141,5.806404494382024,Electric,60,45,70,45,90,95,405,IV,None
Buizel,5.6447368421052655,5.581636363636364,Water,55,65,35,60,30,85,330,IV,None
Floatzel,5.662692307692312,5.6773737373737365,Water,85,105,55,85,50,115,495,IV,None
Zubat,5.4424590163934425,5.463269230769232,"('Flying', 'Poison')",40,45,35,30,40,55,245,I,None
Cherubi,5.801730769230767,5.772857142857142,Grass,45,35,45,62,53,35,275,IV,None
Cherrim,5.792000000000002,5.684411764705883,Grass,70,60,70,87,78,85,450,IV,None
Shellos,5.70835051546392,5.741309523809524,Water,76,48,48,57,62,34,325,IV,None
Gastrodon,5.620873786407762,5.639292929292928,"('Ground', 'Water')",111,83,68,92,82,39,475,IV,None
Ambipom,5.896973684210527,5.867948717948718,Normal,75,100,66,60,66,115,482,IV,None
Drifloon,5.421212121212124,5.358181818181818,"('Flying', 'Ghost')",90,50,34,60,44,70,348,IV,None
Drifblim,5.459066666666665,5.42616666666667,"('Flying', 'Ghost')",150,80,44,90,54,80,498,IV,None
Buneary,5.755205479452053,5.708636363636364,Normal,55,66,44,44,56,85,350,IV,None
Lopunny,5.395128205128206,5.3056730769230755,Normal,65,76,84,54,96,105,480,IV,None
Mismagius,5.443114754098363,5.454,Ghost,60,60,60,105,105,105,495,IV,None
Golbat,5.267014925373134,5.263799999999999,"('Flying', 'Poison')",75,80,70,65,75,90,455,I,None
Honchkrow,5.492266666666668,5.5683098591549305,"('Dark', 'Flying')",100,125,52,105,52,71,505,IV,None
Glameow,5.858958333333331,5.6459574468085085,Normal,49,55,42,42,37,85,310,IV,None
Purugly,5.454516129032259,5.423870967741936,Normal,71,82,64,64,59,112,452,IV,None
Chingling,5.548205128205127,5.559310344827586,Psychic,45,30,50,65,50,45,285,IV,None
Stunky,5.330370370370374,5.24777777777778,"('Dark', 'Poison')",63,63,47,41,41,74,329,IV,None
Skuntank,5.568250000000001,5.627500000000001,"('Dark', 'Poison')",103,93,67,71,61,84,479,IV,None
Bronzor,5.570789473684209,5.532424242424242,"('Psychic', 'Steel')",57,24,86,24,86,23,300,IV,None
Bronzong,5.721666666666668,5.694137931034483,"('Psychic', 'Steel')",67,89,116,79,116,33,500,IV,None
Bonsly,5.404000000000001,5.4288888888888875,Rock,50,80,95,10,45,10,290,IV,None
Mime Jr,5.50953488372093,5.480606060606061,"('Fairy', 'Psychic')",20,25,45,70,90,60,310,IV,None
Oddish,5.792812500000003,5.838200000000001,"('Grass', 'Poison')",45,50,55,75,65,30,320,I,None
Happiny,5.773999999999999,5.733272727272725,Normal,100,5,5,15,65,30,220,IV,None
Chatot,5.756428571428571,5.791842105263156,"('Flying', 'Normal')",76,65,45,92,42,91,411,IV,None
Spiritomb,5.3756521739130445,5.320333333333337,"('Dark', 'Ghost')",50,92,108,92,108,35,485,IV,None
Gible,5.4939622641509445,5.624400000000001,"('Dragon', 'Ground')",58,70,45,40,45,42,300,IV,None
Gabite,5.531833333333334,5.476909090909091,"('Dragon', 'Ground')",68,90,65,50,55,82,410,IV,None
Garchomp,5.5672027972027935,5.493035714285711,"('Dragon', 'Ground')",108,130,95,80,85,102,600,IV,None
Munchlax,5.72342857142857,5.719375000000002,Normal,135,85,40,40,85,5,390,IV,None
Riolu,5.7709259259259245,5.675744680851065,Fighting,40,70,40,35,40,60,285,IV,None
Lucario,5.757891156462586,5.623984375000001,"('Fighting', 'Steel')",70,110,70,115,70,90,525,IV,None
Hippopotas,5.537674418604653,5.526250000000001,Ground,68,72,78,38,42,32,330,IV,None
Gloom,5.448115942028989,5.401,"('Grass', 'Poison')",60,65,70,85,75,40,395,I,None
Hippowdon,5.645750000000001,5.434871794871794,Ground,108,112,118,68,72,47,525,IV,None
Skorupi,5.398627450980391,5.381886792452829,"('Bug', 'Poison')",40,50,90,30,55,65,330,IV,None
Drapion,5.556610169491526,5.462340425531914,"('Dark', 'Poison')",70,90,110,60,75,95,500,IV,None
Croagunk,5.349666666666667,5.239433962264152,"('Fighting', 'Poison')",48,61,40,61,40,50,300,IV,None
Toxicroak,5.2850980392156846,5.2105319148936164,"('Fighting', 'Poison')",83,106,65,86,65,85,490,IV,None
Carnivine,5.6330188679245285,5.642307692307693,Grass,74,100,72,90,72,46,454,IV,None
Finneon,5.808297872340424,5.721749999999999,Water,49,49,56,49,61,66,330,IV,None
Lumineon,5.759433962264152,5.641964285714287,Water,69,69,76,69,86,91,460,IV,None
Mantyke,5.746304347826087,5.78047619047619,"('Flying', 'Water')",45,20,50,60,120,50,345,IV,None
Snover,5.941041666666668,5.924418604651162,"('Grass', 'Ice')",60,62,50,62,60,40,334,IV,None
Vileplume,5.69896551724138,5.653461538461538,"('Grass', 'Poison')",75,80,85,100,90,50,480,I,None
Abomasnow,5.71225352112676,5.6853448275862055,"('Grass', 'Ice')",90,92,75,92,85,60,494,IV,None
Weavile,5.537254901960785,5.5162,"('Dark', 'Ice')",70,120,65,45,85,125,510,IV,None
Magnezone,5.510956521739128,5.517272727272725,"('Electric', 'Steel')",70,70,115,130,90,60,535,IV,None
Lickilicky,5.628813559322031,5.61142857142857,Normal,110,85,95,80,95,50,515,IV,None
Rhyperior,5.246595744680851,5.31375,"('Ground', 'Rock')",115,140,130,55,55,40,535,IV,None
Tangrowth,5.494565217391306,5.4475555555555575,Grass,100,100,125,110,50,50,535,IV,None
Electivire,5.541388888888887,5.4703333333333335,Electric,75,123,67,95,85,95,540,IV,None
Magmortar,5.43140625,5.183272727272726,Fire,75,95,67,125,95,83,540,IV,None
Togekiss,5.818139534883722,5.805250000000003,"('Fairy', 'Flying')",85,50,95,120,115,80,545,IV,None
Yanmega,5.466075949367087,5.427397260273971,"('Bug', 'Flying')",86,76,86,116,56,95,515,IV,None
Paras,5.787681159420295,5.6871212121212125,"('Bug', 'Grass')",35,70,55,45,55,25,285,I,None
Leafeon,5.820545454545454,5.749599999999997,Grass,65,110,130,60,65,95,525,IV,None
Glaceon,5.361999999999999,5.4080434782608675,Ice,65,60,110,130,95,65,525,IV,None
Gliscor,5.761489361702128,5.7430769230769245,"('Flying', 'Ground')",75,95,125,45,75,95,510,IV,None
Mamoswine,5.4069811320754715,5.4170000000000025,"('Ground', 'Ice')",110,130,80,70,60,80,530,IV,None
Porygon-Z,5.7671875,5.72255319148936,Normal,85,80,70,135,75,90,535,IV,None
Gallade,5.666440677966103,5.641999999999999,"('Fighting', 'Psychic')",68,125,65,65,115,80,518,IV,None
Probopass,5.490357142857144,5.413023255813953,"('Rock', 'Steel')",60,55,145,75,150,40,525,IV,None
Dusknoir,5.712500000000002,5.7108750000000015,Ghost,45,100,135,65,135,45,525,IV,None
Froslass,5.571384615384617,5.607868852459017,"('Ghost', 'Ice')",70,80,70,80,70,110,480,IV,None
Rotom,5.719789473684214,5.651168831168832,"('Electric', 'Ghost')",50,50,77,95,77,91,440,IV,None
Parasect,5.6197872340425565,5.521538461538464,"('Bug', 'Grass')",60,95,80,60,80,30,405,I,None
Uxie,5.424727272727272,5.359024390243902,Psychic,75,75,130,75,130,95,580,IV,Legendary
Mesprit,5.368421052631578,5.3112121212121215,Psychic,80,105,105,105,105,80,580,IV,Legendary
Azelf,5.441224489795919,5.316285714285716,Psychic,75,125,70,125,70,115,580,IV,Legendary
Dialga,5.420634920634923,5.4058620689655195,"('Dragon', 'Steel')",100,120,120,150,100,90,680,IV,Legendary
Palkia,5.5881333333333325,5.5954411764705885,"('Dragon', 'Water')",90,120,100,150,120,100,680,IV,Legendary
Heatran,5.412830188679247,5.349347826086956,"('Fire', 'Steel')",91,90,106,130,106,77,600,IV,Legendary
Regigigas,5.660306122448982,5.626538461538463,Normal,110,160,110,80,110,100,670,IV,Legendary
Giratina,5.552592592592589,5.6376086956521725,"('Dragon', 'Ghost')",150,100,120,100,120,90,680,IV,Legendary
Cresselia,5.841777777777778,5.925945945945947,Psychic,120,70,120,75,130,85,600,IV,Legendary
Phione,5.665434782608695,5.640888888888887,Water,80,80,80,80,80,80,480,IV,None
Venonat,5.836610169491526,5.782307692307692,"('Bug', 'Poison')",60,55,50,40,55,45,305,I,None
Manaphy,5.646511627906978,5.6114634146341436,Water,100,100,100,100,100,100,600,IV,Mythical
Darkrai,5.4523529411764695,5.5597590361445794,Dark,70,90,90,135,90,125,600,IV,Mythical
Shaymin,5.808235294117645,5.846611570247933,Grass,100,100,100,100,100,100,600,IV,Mythical
Arceus,5.670728476821187,5.66533333333333,Normal,120,120,120,120,120,120,720,IV,Mythical
Victini,5.7026315789473685,5.52032786885246,"('Fire', 'Psychic')",100,100,100,100,100,100,600,V,Mythical
Snivy,5.703333333333334,5.631428571428571,Grass,45,45,55,45,55,63,308,V,None
Servine,5.550789473684208,5.499117647058822,Grass,60,60,75,60,75,83,413,V,None
Serperior,5.435423728813563,5.3932653061224505,Grass,75,75,95,75,95,113,528,V,None
Tepig,5.263137254901959,5.204468085106382,Fire,65,63,45,45,45,45,308,V,None
Pignite,5.469230769230771,5.390652173913045,"('Fighting', 'Fire')",90,93,55,70,55,55,418,V,None
Venomoth,5.738644067796612,5.561599999999999,"('Bug', 'Poison')",70,65,60,90,75,90,450,I,None
Charmander,5.446307692307691,5.3981818181818175,Fire,39,52,43,60,50,65,309,I,None
Emboar,5.35813186813187,5.272068965517244,"('Fighting', 'Fire')",110,123,65,100,65,65,528,V,None
Oshawott,5.4101851851851865,5.4187755102040835,Water,55,55,45,63,45,45,308,V,None
Dewott,5.4821428571428585,5.4328571428571415,Water,75,75,60,83,60,60,413,V,None
Samurott,5.320704225352113,5.356857142857144,Water,95,100,85,108,70,70,528,V,None
Patrat,5.616785714285713,5.633529411764705,Normal,45,55,39,35,39,42,255,V,None
Watchog,5.67509090909091,5.629999999999999,Normal,60,85,69,60,69,77,420,V,None
Lillipup,5.614054054054053,5.541515151515151,Normal,45,60,45,25,45,55,275,V,None
Herdier,5.385609756097561,5.279714285714285,Normal,65,80,65,35,65,60,370,V,None
Stoutland,5.480757575757575,5.438148148148148,Normal,85,100,90,45,90,80,490,V,None
Purrloin,5.416444444444443,5.287209302325582,Dark,41,50,37,50,37,66,281,V,None
Diglett,5.605254237288135,5.599065420560748,Ground,10,55,25,35,45,95,265,I,None
Liepard,5.459999999999999,5.420465116279068,Dark,64,88,50,88,50,106,446,V,None
Pansage,5.7585714285714324,5.765806451612903,Grass,50,53,48,53,48,64,316,V,None
Simisage,5.655666666666668,5.679642857142857,Grass,75,98,63,98,63,101,498,V,None
Pansear,5.544444444444448,5.606785714285714,Fire,50,53,48,53,48,64,316,V,None
Simisear,5.692777777777778,5.582424242424241,Fire,75,98,63,98,63,101,498,V,None
Panpour,5.764255319148936,5.7580487804878056,Water,50,53,48,53,48,64,316,V,None
Simipour,5.767380952380952,5.729111111111113,Water,75,98,63,98,63,101,498,V,None
Munna,5.9356923076923085,6.0152941176470565,Psychic,76,25,45,67,55,24,292,V,None
Musharna,5.865833333333334,5.844571428571428,Psychic,116,55,85,107,95,29,487,V,None
Pidove,5.58581395348837,5.4825,"('Flying', 'Normal')",50,55,50,36,30,43,264,V,None
Dugtrio,5.733020833333335,5.74945652173913,Ground,35,80,50,50,70,120,405,I,None
Tranquill,5.482564102564101,5.423170731707318,"('Flying', 'Normal')",62,77,62,50,42,65,358,V,None
Unfezant,5.548823529411767,5.526470588235296,"('Flying', 'Normal')",80,105,80,65,55,93,478,V,None
Blitzle,5.582916666666665,5.554634146341464,Electric,45,60,32,50,32,76,295,V,None
Zebstrika,5.4725,5.51093023255814,Electric,75,100,63,80,63,116,497,V,None
Roggenrola,5.539636363636364,5.523589743589743,Rock,55,75,85,25,25,15,280,V,None
Boldore,5.6728571428571435,5.727027027027027,Rock,70,105,105,50,40,20,390,V,None
Gigalith,5.781509433962264,5.70909090909091,Rock,85,135,130,60,70,25,505,V,None
Woobat,5.494999999999999,5.485806451612903,"('Flying', 'Psychic')",55,45,43,55,43,72,313,V,None
Swoobat,5.512372881355931,5.497547169811322,"('Flying', 'Psychic')",67,57,55,77,55,114,425,V,None
Drilbur,5.55953125,5.448749999999998,Ground,60,85,40,30,45,68,328,V,None
Meowth,5.772626262626263,5.698780487804878,Normal,40,45,35,40,40,90,290,I,None
Excadrill,5.458947368421054,5.3695555555555545,"('Ground', 'Steel')",110,135,60,50,65,88,508,V,None
Audino,5.793027522935778,5.732795698924731,Normal,103,60,86,60,86,50,445,V,None
Timburr,5.622894736842103,5.4893939393939375,Fighting,75,80,55,25,35,35,305,V,None
Gurdurr,5.616999999999999,5.499142857142856,Fighting,85,105,85,40,50,40,405,V,None
Conkeldurr,5.653454545454544,5.499999999999997,Fighting,105,140,95,55,65,45,505,V,None
Tympole,5.434545454545455,5.4121951219512185,Water,50,50,40,50,40,64,294,V,None
Palpitoad,5.452407407407407,5.415208333333332,"('Ground', 'Water')",75,65,55,65,55,69,384,V,None
Seismitoad,5.5293548387096765,5.421363636363636,"('Ground', 'Water')",105,85,75,85,75,74,499,V,None
Throh,5.538571428571429,5.5238095238095255,Fighting,120,100,85,30,85,45,465,V,None
Sawk,5.625686274509804,5.487209302325582,Fighting,75,125,75,30,75,85,465,V,None
Persian,5.473805970149257,5.409636363636367,Normal,65,70,60,65,65,115,440,I,None
Sewaddle,5.696610169491527,5.702800000000001,"('Bug', 'Grass')",45,53,70,40,60,42,310,V,None
Swadloon,5.643877551020409,5.684634146341463,"('Bug', 'Grass')",55,63,90,50,80,42,380,V,None
Leavanny,5.60293103448276,5.5852830188679246,"('Bug', 'Grass')",75,103,80,70,70,92,490,V,None
Venipede,5.4675,5.363333333333333,"('Bug', 'Poison')",30,45,59,30,39,57,260,V,None
Whirlipede,5.236981132075472,5.0965384615384615,"('Bug', 'Poison')",40,55,99,40,79,47,360,V,None
Scolipede,5.33734375,5.388070175438597,"('Bug', 'Poison')",60,90,89,55,69,112,475,V,None
Cottonee,5.684318181818182,5.767368421052631,"('Fairy', 'Grass')",40,27,60,37,50,66,280,V,None
Whimsicott,5.614827586206896,5.584680851063831,"('Fairy', 'Grass')",60,67,85,77,75,116,480,V,None
Petilil,5.765365853658537,5.719117647058827,Grass,45,35,50,70,50,30,280,V,None
Lilligant,5.902258064516129,5.902530120481927,Grass,70,60,75,110,75,90,480,V,None
Psyduck,5.3547272727272714,5.777750000000001,Water,50,52,48,65,50,55,320,I,None
Basculin,5.528695652173912,5.52575,Water,70,92,65,80,55,98,460,V,None
Sandile,5.531466666666668,5.47492537313433,"('Dark', 'Ground')",50,72,35,35,35,65,292,V,None
Krokorok,5.4498000000000015,5.463010752688172,"('Dark', 'Ground')",60,82,45,45,45,74,351,V,None
Krookodile,5.5744604316546775,5.576517857142859,"('Dark', 'Ground')",95,117,70,65,70,92,509,V,None
Darumaka,5.685957446808512,5.6607142857142865,Fire,70,90,45,15,45,50,315,V,None
Darmanitan,5.5075,5.5151315789473685,Fire,105,140,55,30,55,95,480,V,None
Maractus,5.857999999999999,5.846666666666664,Grass,75,86,67,106,67,60,461,V,None
Dwebble,5.539245283018865,5.550612244897957,"('Bug', 'Rock')",50,65,85,35,35,55,325,V,None
Crustle,5.183333333333332,5.2355882352941165,"('Bug', 'Rock')",70,95,125,65,75,45,475,V,None
Scraggy,5.282407407407407,5.429024390243902,"('Dark', 'Fighting')",50,75,70,35,70,48,348,V,None
Golduck,5.657794117647061,5.692777777777778,Water,80,82,78,95,80,85,500,I,None
Scrafty,5.412048192771086,5.390972222222223,"('Dark', 'Fighting')",65,90,115,45,115,58,488,V,None
Sigilyph,5.4345161290322554,5.455185185185183,"('Flying', 'Psychic')",72,58,80,103,80,97,490,V,None
Yamask,5.31,5.304848484848487,Ghost,38,30,85,55,65,30,303,V,None
Cofagrigus,5.7490000000000006,5.5644444444444465,Ghost,58,50,145,95,105,30,483,V,None
Tirtouga,5.5379999999999985,5.476000000000001,"('Rock', 'Water')",54,78,103,53,45,22,355,V,None
Carracosta,5.48642857142857,5.470999999999997,"('Rock', 'Water')",74,108,133,83,65,32,495,V,None
Archen,5.792291666666666,5.870652173913044,"('Flying', 'Rock')",55,112,45,74,45,70,401,V,None
Archeops,5.771428571428574,5.6933333333333325,"('Flying', 'Rock')",75,140,65,112,65,110,567,V,None
Trubbish,5.20672131147541,5.220961538461539,Poison,50,50,62,40,62,65,329,V,None
Garbodor,5.357916666666667,5.3708641975308655,Poison,80,95,82,60,82,75,474,V,None
Mankey,5.295806451612903,5.3707894736842094,Fighting,40,80,35,35,45,70,305,I,None
Zorua,5.561756756756757,5.5504411764705885,Dark,40,65,40,80,40,65,330,V,None
Zoroark,5.638508771929824,5.543369565217391,Dark,60,105,60,120,60,105,510,V,None
Minccino,5.5552,5.652173913043478,Normal,55,50,40,40,40,75,300,V,None
Cinccino,5.429491525423732,5.387169811320756,Normal,75,95,60,65,60,115,470,V,None
Gothita,5.484571428571428,5.422580645161292,Psychic,45,30,50,55,65,45,290,V,None
Gothorita,5.731111111111113,5.672380952380951,Psychic,60,45,70,75,85,55,390,V,None
Gothitelle,5.697704918032786,5.556153846153848,Psychic,70,55,95,95,110,65,490,V,None
Solosis,5.620625,5.5540740740740775,Psychic,45,30,40,105,50,20,290,V,None
Duosion,5.5061904761904765,5.544722222222222,Psychic,65,40,50,125,60,30,370,V,None
Reuniclus,5.599999999999999,5.6756249999999975,Psychic,110,65,75,125,85,30,490,V,None
Primeape,5.636769230769231,5.494827586206899,Fighting,65,105,60,60,70,95,455,I,None
Ducklett,5.570869565217391,5.6379166666666665,"('Flying', 'Water')",62,44,50,44,50,55,305,V,None
Swanna,5.624230769230771,5.5375609756097575,"('Flying', 'Water')",75,87,63,87,63,98,473,V,None
Vanillite,5.59397435897436,5.59873015873016,Ice,36,50,50,65,60,44,305,V,None
Vanillish,5.4304918032786915,5.548846153846153,Ice,51,65,65,80,75,59,395,V,None
Vanilluxe,5.681621621621621,5.612999999999999,Ice,71,95,85,110,95,79,535,V,None
Deerling,5.902368421052631,5.8838888888888885,"('Grass', 'Normal')",60,60,50,40,50,75,335,V,None
Sawsbuck,5.832380952380952,5.870249999999998,"('Grass', 'Normal')",80,100,70,60,70,95,475,V,None
Emolga,5.8207692307692325,5.783684210526317,"('Electric', 'Flying')",55,75,60,75,60,103,428,V,None
Karrablast,5.567931034482757,5.539615384615384,Bug,50,75,45,40,45,60,315,V,None
Escavalier,5.425833333333334,5.591612903225808,"('Bug', 'Steel')",70,135,105,60,105,20,495,V,None
Growlithe,5.340689655172414,5.198000000000002,Fire,55,70,45,70,50,60,350,I,None
Foongus,5.639230769230768,5.361599999999998,"('Grass', 'Poison')",69,55,45,55,55,15,294,V,None
Amoonguss,5.6693333333333324,5.648461538461538,"('Grass', 'Poison')",114,85,70,85,80,30,464,V,None
Frillish,5.545000000000001,5.4899999999999975,"('Ghost', 'Water')",55,40,50,65,85,40,335,V,None
Jellicent,5.7222535211267616,5.671449275362319,"('Ghost', 'Water')",100,60,70,85,105,60,480,V,None
Alomomola,5.7592857142857135,5.861282051282053,Water,165,75,80,40,45,65,470,V,None
Joltik,5.542142857142862,5.5022580645161305,"('Bug', 'Electric')",50,47,50,57,50,65,319,V,None
Galvantula,5.505916666666664,5.4499999999999975,"('Bug', 'Electric')",70,77,60,97,60,108,472,V,None
Ferroseed,5.5545238095238085,5.530857142857141,"('Grass', 'Steel')",44,50,91,24,86,10,305,V,None
Ferrothorn,5.329696969696967,5.313225806451613,"('Grass', 'Steel')",74,94,131,54,116,20,489,V,None
Klink,5.519491525423727,5.595192307692307,Steel,40,55,70,45,60,30,300,V,None
Arcanine,5.68418604651163,5.641866666666667,Fire,90,110,80,100,80,95,555,I,None
Charmeleon,5.367999999999999,5.572093023255813,Fire,58,64,58,80,65,80,405,I,None
Klang,5.389124999999997,5.418378378378375,Steel,60,80,95,70,85,50,440,V,None
Klinklang,5.4256842105263114,5.399764705882349,Steel,60,100,115,70,85,90,520,V,None
Tynamo,5.612058823529412,5.5776,Electric,35,55,40,45,40,60,275,V,None
Eelektrik,5.626388888888887,5.519189189189186,Electric,65,85,70,75,70,40,405,V,None
Eelektross,5.305789473684212,5.313846153846153,Electric,85,115,80,105,80,50,515,V,None
Elgyem,5.569999999999999,5.50375,Psychic,55,55,55,85,55,30,335,V,None
Beheeyem,5.55809523809524,5.5475675675675715,Psychic,75,75,75,125,95,40,485,V,None
Litwick,5.861702127659575,5.7457894736842094,"('Fire', 'Ghost')",50,30,55,65,55,20,275,V,None
Lampent,5.532580645161293,5.422830188679246,"('Fire', 'Ghost')",60,40,60,95,60,55,370,V,None
Chandelure,5.158787878787877,5.201999999999998,"('Fire', 'Ghost')",60,55,90,145,90,80,520,V,None
Poliwag,5.6219230769230775,5.707058823529412,Water,40,50,40,40,40,90,300,I,None
Axew,5.43921052631579,5.405555555555555,Dragon,46,87,60,30,40,57,320,V,None
Fraxure,5.334047619047619,5.302820512820511,Dragon,66,117,70,40,50,67,410,V,None
Haxorus,5.492962962962962,5.436923076923078,Dragon,76,147,90,60,70,97,540,V,None
Cubchoo,5.360232558139535,5.210277777777776,Ice,55,70,40,60,40,40,305,V,None
Beartic,5.438285714285714,5.369677419354838,Ice,95,110,80,70,80,50,485,V,None
Cryogonal,5.634102564102564,5.560294117647059,Ice,70,50,30,95,135,105,485,V,None
Shelmet,5.569999999999999,5.437142857142859,Bug,50,40,85,40,65,25,305,V,None
Accelgor,5.589714285714285,5.630588235294117,Bug,80,70,40,100,60,145,495,V,None
Stunfisk,5.416440677966103,5.362727272727276,"('Electric', 'Ground')",109,66,84,81,99,32,471,V,None
Mienfoo,5.475652173913042,5.381999999999999,Fighting,45,85,50,55,50,65,350,V,None
Poliwhirl,5.4532786885245885,5.58,Water,65,65,65,50,50,90,385,I,None
Mienshao,5.197536231884059,5.284032258064519,Fighting,65,125,60,95,60,105,510,V,None
Druddigon,5.4859090909090895,5.4609836065573765,Dragon,77,120,90,60,90,48,485,V,None
Golett,5.649714285714286,5.457222222222222,"('Ghost', 'Ground')",59,74,50,35,50,35,303,V,None
Golurk,5.5658241758241775,5.4137142857142875,"('Ghost', 'Ground')",89,124,80,55,80,55,483,V,None
Pawniard,5.348684210526316,5.308974358974359,"('Dark', 'Steel')",45,85,70,40,40,60,340,V,None
Bisharp,5.248648648648648,5.283768115942028,"('Dark', 'Steel')",65,125,100,60,70,70,490,V,None
Bouffalant,5.301111111111111,5.384418604651163,Normal,95,110,95,40,95,55,490,V,None
Rufflet,5.548804347826088,5.578292682926829,"('Flying', 'Normal')",70,83,50,37,50,60,350,V,None
Braviary,5.494591836734693,5.655376344086022,"('Flying', 'Normal')",100,123,75,57,75,80,510,V,None
Vullaby,5.45531914893617,5.457674418604653,"('Dark', 'Flying')",70,55,75,45,65,60,370,V,None
Poliwrath,5.788333333333332,5.77575,"('Fighting', 'Water')",90,85,95,70,90,70,500,I,None
Mandibuzz,5.469399999999999,5.481458333333332,"('Dark', 'Flying')",110,65,105,55,95,80,510,V,None
Heatmor,5.603636363636364,5.5451351351351335,Fire,85,97,66,105,66,65,484,V,None
Durant,5.439895833333333,5.44142857142857,"('Bug', 'Steel')",58,109,112,48,48,109,484,V,None
Deino,5.320166666666669,5.144799999999999,"('Dark', 'Dragon')",52,65,50,45,50,38,300,V,None
Zweilous,5.334411764705883,5.339047619047619,"('Dark', 'Dragon')",72,85,70,65,70,58,420,V,None
Hydreigon,5.268867924528299,5.247346938775509,"('Dark', 'Dragon')",92,105,90,125,90,98,600,V,None
Larvesta,5.316521739130434,5.2197560975609765,"('Bug', 'Fire')",55,85,55,50,55,60,360,V,None
Volcarona,5.55677419354839,5.481599999999999,"('Bug', 'Fire')",85,60,65,135,105,100,550,V,None
Cobalion,5.524130434782609,5.455434782608696,"('Fighting', 'Steel')",91,90,129,90,72,108,580,V,Legendary
Terrakion,5.5153061224489806,5.3533333333333335,"('Fighting', 'Rock')",91,129,90,72,90,108,580,V,Legendary
Abra,5.483958333333335,5.491139240506331,Psychic,25,20,15,105,55,90,310,I,None
Virizion,5.367608695652174,5.391136363636364,"('Fighting', 'Grass')",91,90,72,90,129,108,580,V,Legendary
Tornadus,5.653546099290778,5.6103200000000015,Flying,79,115,70,125,80,111,580,V,Legendary
Thundurus,5.495658914728684,5.4308695652173915,"('Electric', 'Flying')",79,115,70,125,80,111,580,V,Legendary
Reshiram,5.691610169491524,5.679813084112147,"('Dragon', 'Fire')",100,120,100,150,120,90,680,V,Legendary
Zekrom,5.59,5.5500000000000025,"('Dragon', 'Electric')",100,150,120,120,100,90,680,V,Legendary
Landorus,5.620272108843538,5.5458914728682185,"('Flying', 'Ground')",89,125,90,115,80,101,600,V,Legendary
Kyurem,5.4989160839160895,5.5042687747035615,"('Dragon', 'Ice')",125,130,90,130,90,95,660,V,Legendary
Keldeo,5.6748623853211,5.6190000000000015,"('Fighting', 'Water')",91,72,90,129,90,108,580,V,Mythical
Meloetta,5.99120481927711,5.899090909090908,"('Normal', 'Psychic')",100,77,77,128,128,90,600,V,Mythical
Genesect,5.525181818181816,5.547738095238095,"('Bug', 'Steel')",71,120,95,120,95,99,600,V,Mythical
Kadabra,5.644107142857145,5.657717391304349,Psychic,40,35,30,120,70,105,400,I,None
Chespin,5.479090909090909,5.476896551724138,Grass,56,61,65,48,45,38,313,VI,None
Quilladin,5.339589041095889,5.272622950819672,Grass,61,78,95,56,58,57,405,VI,None
Chesnaught,5.611190476190474,5.611690140845068,Grass,88,107,122,74,75,64,530,VI,None
Fennekin,5.561250000000001,5.422954545454545,Fire,40,45,40,62,60,60,307,VI,None
Braixen,5.531093750000003,5.432999999999999,Fire,59,59,58,90,70,73,409,VI,None
Delphox,5.581547619047619,5.547532467532468,"('Fire', 'Psychic')",75,69,72,114,100,104,534,VI,None
Froakie,5.515510204081633,5.5035,Water,41,56,40,62,44,71,314,VI,None
Frogadier,5.514285714285713,5.610731707317075,Water,54,63,52,83,56,97,405,VI,None
Greninja,5.631946902654865,5.645283018867924,"('Dark', 'Water')",72,95,67,103,71,122,530,VI,None
Bunnelby,5.390681818181819,5.3575,Normal,38,36,38,32,36,57,237,VI,None
Alakazam,5.7026143790849675,5.7147368421052605,Psychic,55,50,45,135,85,120,490,I,None
Diggersby,5.600897435897435,5.6085294117647075,"('Ground', 'Normal')",85,56,77,50,77,78,423,VI,None
Fletchling,5.634705882352942,5.4943103448275865,Normal,45,50,43,40,38,62,278,VI,None
Fletchinder,5.420704225352114,5.408939393939394,Fire,62,73,55,56,52,84,382,VI,None
Talonflame,5.484999999999999,5.4367647058823545,Fire,78,81,71,74,69,126,499,VI,None
Scatterbug,5.5671428571428585,5.62625,Bug,38,35,40,27,25,35,200,VI,None
Spewpa,5.437674418604653,5.4230769230769225,Bug,45,22,60,27,30,29,213,VI,None
Vivillon,5.51264705882353,5.383859649122806,"('Bug', 'Flying')",80,52,50,90,50,89,411,VI,None
Litleo,5.3239285714285725,5.279166666666666,"('Fire', 'Normal')",62,50,58,73,54,72,369,VI,None
Pyroar,5.658762886597938,5.601739130434782,"('Fire', 'Normal')",86,68,72,109,66,106,507,VI,None
Flabébé,5.860394736842105,5.880579710144928,Fairy,44,38,39,61,79,42,303,VI,None
Machop,5.623750000000002,5.443333333333335,Fighting,70,80,50,35,35,35,305,I,None
Floette,6.015728155339807,5.936629213483148,Fairy,54,45,47,75,98,52,371,VI,None
Florges,6.031803278688527,6.0466,Fairy,78,65,68,112,154,75,552,VI,None
Skiddo,5.641718749999999,5.56728813559322,Grass,66,65,48,62,57,52,350,VI,None
Gogoat,5.4453658536585365,5.489466666666666,Grass,123,100,62,97,81,68,531,VI,None
Pancham,5.378947368421054,5.4345070422535215,Fighting,67,82,62,46,48,43,348,VI,None
Pangoro,5.160795454545454,5.183552631578947,"('Dark', 'Fighting')",95,124,78,69,71,58,495,VI,None
Furfrou,5.504655172413794,5.544181818181818,Normal,75,80,60,65,90,102,472,VI,None
Espurr,5.570526315789476,5.452857142857141,Psychic,62,48,54,63,60,68,355,VI,None
Meowstic,5.658723404255317,5.617857142857144,Psychic,74,48,76,83,81,104,466,VI,None
Honedge,5.516399999999999,5.495217391304345,"('Ghost', 'Steel')",45,80,100,35,37,28,325,VI,None
Machoke,5.493658536585366,5.437500000000003,Fighting,80,100,70,50,60,45,405,I,None
Doublade,5.5485185185185175,5.462499999999999,"('Ghost', 'Steel')",59,110,150,45,49,35,448,VI,None
Aegislash,5.522377049180325,5.5438947368421045,"('Ghost', 'Steel')",60,50,150,50,150,60,520,VI,None
Spritzee,5.588064516129032,5.5545833333333325,Fairy,78,52,60,63,65,23,341,VI,None
Aromatisse,5.4953191489361695,5.534090909090909,Fairy,101,72,72,99,89,29,462,VI,None
Swirlix,5.684716981132076,5.771333333333333,Fairy,62,48,66,59,57,49,341,VI,None
Slurpuff,5.677884615384616,5.665294117647058,Fairy,82,80,86,85,75,72,480,VI,None
Inkay,5.5338775510204075,5.5245,"('Dark', 'Psychic')",53,54,53,37,46,45,288,VI,None
Malamar,5.652333333333334,5.5945454545454565,"('Dark', 'Psychic')",86,92,88,68,75,73,482,VI,None
Binacle,5.774772727272725,5.713333333333333,"('Rock', 'Water')",42,52,67,39,56,50,306,VI,None
Barbaracle,5.720312500000001,5.6419298245614025,"('Rock', 'Water')",72,105,115,54,86,68,500,VI,None
Machamp,5.46463157894737,5.36240963855422,Fighting,90,130,80,65,85,55,505,I,None
Skrelp,5.4065573770491815,5.4075471698113216,"('Poison', 'Water')",50,60,60,60,60,30,320,VI,None
Dragalge,5.4757575757575765,5.368421052631579,"('Dragon', 'Poison')",65,75,90,97,123,44,494,VI,None
Clauncher,5.5110465116279075,5.441780821917808,Water,50,53,62,58,63,44,330,VI,None
Clawitzer,5.513376623376622,5.483108108108108,Water,71,73,88,120,89,59,500,VI,None
Helioptile,5.691111111111113,5.6372222222222215,"('Electric', 'Normal')",44,38,33,61,43,70,289,VI,None
Heliolisk,5.813518518518517,5.647380952380952,"('Electric', 'Normal')",62,55,52,109,94,109,481,VI,None
Tyrunt,5.414743589743591,5.384516129032256,"('Dragon', 'Rock')",58,89,77,45,45,48,362,VI,None
Tyrantrum,5.653037974683543,5.554736842105262,"('Dragon', 'Rock')",82,121,119,69,59,71,521,VI,None
Amaura,5.539272727272726,5.6597727272727285,"('Ice', 'Rock')",77,59,50,67,63,46,362,VI,None
Aurorus,5.565774647887325,5.609821428571432,"('Ice', 'Rock')",123,77,72,99,92,58,521,VI,None
Bellsprout,5.436956521739129,5.316250000000001,"('Grass', 'Poison')",50,75,35,70,30,40,300,I,None
Charizard,5.464147909967842,5.465615384615386,"('Fire', 'Flying')",78,84,78,109,85,100,534,I,None
Sylveon,5.508275862068967,5.513793103448279,Fairy,95,65,65,110,130,60,525,VI,None
Hawlucha,5.504767441860468,5.546282051282052,"('Fighting', 'Flying')",78,92,75,74,63,118,500,VI,None
Dedenne,5.575322580645166,5.399591836734697,"('Electric', 'Fairy')",67,58,57,81,67,101,431,VI,None
Carbink,5.68298245614035,5.816909090909089,"('Fairy', 'Rock')",50,50,150,50,150,50,500,VI,None
Goomy,5.358666666666665,5.38390243902439,Dragon,45,50,35,55,75,40,300,VI,None
Sliggoo,5.331692307692308,5.374107142857144,Dragon,68,75,53,83,113,60,452,VI,None
Goodra,5.423116883116882,5.383968253968255,Dragon,90,100,70,110,150,80,600,VI,None
Klefki,5.586813186813189,5.552839506172845,"('Fairy', 'Steel')",57,80,91,80,87,75,470,VI,None
Phantump,5.6444827586206925,5.652608695652174,"('Ghost', 'Grass')",43,70,48,50,60,38,309,VI,None
Trevenant,5.505405405405409,5.5257627118644095,"('Ghost', 'Grass')",85,110,76,65,82,56,474,VI,None
Weepinbell,5.5325000000000015,5.4088888888888915,"('Grass', 'Poison')",65,90,50,85,45,55,390,I,None
Pumpkaboo,5.658688524590166,5.683333333333333,"('Ghost', 'Grass')",44,66,70,44,55,56,335,VI,None
Gourgeist,5.911641791044775,5.9446268656716414,"('Ghost', 'Grass')",55,85,122,58,75,99,494,VI,None
Bergmite,5.395348837209302,5.541935483870965,Ice,55,69,85,32,35,28,304,VI,None
Avalugg,5.452203389830508,5.391063829787233,Ice,95,117,184,44,46,28,514,VI,None
Noibat,5.454492753623192,5.313965517241379,"('Dragon', 'Flying')",40,30,35,45,40,55,245,VI,None
Noivern,5.596164383561647,5.5003125000000015,"('Dragon', 'Flying')",85,70,80,97,80,123,535,VI,None
Xerneas,5.764554455445544,5.6752688172043015,Fairy,126,131,95,131,98,99,680,VI,Legendary
Yveltal,5.721645569620254,5.602463768115944,"('Dark', 'Flying')",126,131,95,131,98,99,680,VI,Legendary
Zygarde,5.592705882352939,5.650149253731343,"('Dragon', 'Ground')",108,100,121,81,95,95,600,VI,Legendary
Diancie,5.632285714285714,5.714479999999997,"('Fairy', 'Rock')",50,100,150,100,150,50,600,VI,Mythical
Victreebel,5.7609459459459496,5.651076923076924,"('Grass', 'Poison')",80,105,65,100,60,70,480,I,None
Hoopa,5.603529411764708,5.618306878306879,"('Psychic', 'ghost')",80,110,60,150,130,70,600,VI,Mythical
Volcanion,5.527086614173228,5.552327586206899,"('Fire', 'Water')",80,110,120,130,90,70,600,VI,Mythical
Rowlet,5.569692307692307,5.503962264150943,"('Flying', 'Grass')",68,55,55,50,50,42,320,VII,None
Dartrix,5.321249999999997,5.46766990291262,"('Flying', 'Grass')",78,75,75,70,70,52,420,VII,None
Decidueye,5.547368421052632,5.485772357723576,"('Ghost', 'Grass')",78,107,75,100,100,70,530,VII,None
Litten,5.361549295774645,5.264545454545455,Fire,45,65,40,60,40,70,320,VII,None
Torracat,5.279931972789117,5.253228346456696,Fire,65,85,50,80,50,90,420,VII,None
Incineroar,5.370898203592815,5.279850746268656,"('Dark', 'Fire')",95,115,90,80,90,60,530,VII,None
Popplio,5.6490909090909085,5.644615384615383,Water,50,54,54,66,56,40,320,VII,None
Brionne,5.801818181818183,5.6189610389610385,Water,60,69,69,91,81,50,420,VII,None
Tentacool,5.522142857142856,5.519354838709677,"('Poison', 'Water')",40,40,35,50,100,70,335,I,None
Primarina,5.752125984251969,5.802568807339452,"('Fairy', 'Water')",80,74,74,126,116,60,530,VII,None
Pikipek,5.462835820895525,5.504677419354839,"('Flying', 'Normal')",35,75,30,30,30,65,265,VII,None
Trumbeak,5.5012068965517225,5.566206896551724,"('Flying', 'Normal')",55,85,50,40,50,75,355,VII,None
Toucannon,5.616695652173911,5.617169811320753,"('Flying', 'Normal')",80,120,75,75,75,60,485,VII,None
Yungoos,5.379375,5.416122448979594,Normal,48,70,30,30,30,45,253,VII,None
Gumshoos,5.4829411764705895,5.410760869565219,Normal,88,110,60,55,60,45,418,VII,None
Grubbin,5.703921568627452,5.7209090909090925,Bug,47,62,45,55,45,46,300,VII,None
Charjabug,5.754285714285718,5.701481481481483,"('Bug', 'Electric')",57,82,95,55,75,36,400,VII,None
Vikavolt,5.635465116279067,5.523098591549297,"('Bug', 'Electric')",77,70,90,145,75,43,500,VII,None
Crabrawler,5.6000000000000005,5.4960999999999975,Fighting,47,82,57,42,47,63,338,VII,None
Tentacruel,5.6185294117647056,5.513090909090908,"('Poison', 'Water')",80,70,65,80,120,100,515,I,None
Crabominable,5.451875,5.469082568807338,"('Fighting', 'Ice')",97,132,77,62,67,43,478,VII,None
Oricorio,5.679411764705884,5.605806451612903,"('Fire', 'Flying')",75,70,70,98,70,93,476,VII,None
Cutiefly,5.9445454545454535,5.994677419354839,"('Bug', 'Fairy')",40,45,40,55,40,84,304,VII,None
Ribombee,5.626966292134836,5.6253488372093035,"('Bug', 'Fairy')",60,55,60,95,70,124,464,VII,None
Rockruff,5.3816417910447765,5.2970491803278685,Rock,45,65,40,30,40,60,280,VII,None
Lycanroc,5.5509473684210535,5.540340909090909,Rock,75,115,65,55,65,112,487,VII,None
Wishiwashi,5.552439024390244,5.544890109890112,Water,45,20,20,25,25,40,175,VII,None
Mareanie,5.468873239436619,5.399677419354839,"('Poison', 'Water')",50,53,62,43,52,45,305,VII,None
Toxapex,5.415542168674699,5.400909090909091,"('Poison', 'Water')",50,63,152,53,142,35,495,VII,None
Mudbray,5.4145901639344265,5.302075471698113,Ground,70,100,70,45,55,45,385,VII,None
Geodude,5.535840707964599,5.556344086021505,"('Ground', 'Rock')",40,80,100,30,30,20,300,I,None
Mudsdale,5.402564102564104,5.399714285714288,Ground,100,125,100,55,85,35,500,VII,None
Dewpider,5.818666666666664,5.793809523809522,"('Bug', 'Water')",38,40,52,40,72,27,269,VII,None
Araquanid,5.5518518518518505,5.527027027027026,"('Bug', 'Water')",68,70,92,50,132,42,454,VII,None
Fomantis,5.588800000000003,5.559176470588237,Grass,40,55,35,50,35,35,250,VII,None
Lurantis,5.784038461538462,5.856938775510206,Grass,70,105,90,80,90,45,480,VII,None
Morelull,5.739473684210527,5.707464788732394,"('Fairy', 'Grass')",40,35,55,65,75,15,285,VII,None
Shiinotic,5.534864864864867,5.439193548387097,"('Fairy', 'Grass')",60,45,80,90,100,30,405,VII,None
Salandit,5.39080459770115,5.431323529411767,"('Fire', 'Poison')",48,44,40,71,40,77,320,VII,None
Salazzle,5.4011111111111125,5.3238333333333365,"('Fire', 'Poison')",68,64,60,111,60,117,480,VII,None
Stufful,5.606969696969697,5.582758620689654,"('Fighting', 'Normal')",70,75,50,45,50,50,340,VII,None
Graveler,5.595370370370368,5.5776,"('Ground', 'Rock')",55,95,115,45,45,35,390,I,None
Bewear,5.6185897435897445,5.48972602739726,"('Fighting', 'Normal')",120,125,80,55,60,60,500,VII,None
Bounsweet,5.538714285714287,5.6078947368421055,Grass,42,30,38,30,38,32,210,VII,None
Steenee,5.463953488372095,5.455810810810812,Grass,52,40,48,40,48,62,290,VII,None
Tsareena,5.5637956204379595,5.541056910569108,Grass,72,120,98,50,98,72,510,VII,None
Comfey,5.718444444444446,5.800533333333336,Fairy,51,52,90,82,110,100,485,VII,None
Oranguru,5.779722222222223,5.813846153846152,"('Normal', 'Psychic')",90,60,80,90,110,60,490,VII,None
Passimian,5.539848484848485,5.665416666666666,Fighting,100,120,90,40,60,80,490,VII,None
Wimpod,5.505256410256413,5.433015873015875,"('Bug', 'Water')",25,35,40,20,30,80,230,VII,None
Golisopod,5.569404761904763,5.559857142857144,"('Bug', 'Water')",75,125,140,60,90,40,530,VII,None
Sandygast,5.439210526315792,5.462769230769231,"('Ghost', 'Ground')",55,55,80,70,45,15,320,VII,None
Golem,5.502602739726028,5.440526315789473,"('Ground', 'Rock')",80,110,130,55,65,45,485,I,None
Palossand,5.576250000000001,5.546732673267328,"('Ghost', 'Ground')",85,75,110,100,75,35,480,VII,None
Pyukumuku,5.601263157894738,5.549523809523809,Water,55,60,130,30,130,5,410,VII,None
Silvally,5.558571428571427,5.530962962962962,Normal,95,95,95,95,95,95,570,VII,Legendary
Minior,5.488343195266272,5.527482014388485,"('Flying', 'Rock')",60,60,100,60,100,60,440,VII,None
Komala,5.513636363636364,5.551595744680854,Normal,65,115,65,75,95,65,480,VII,None
Turtonator,5.4650781250000025,5.444561403508773,"('Dragon', 'Fire')",60,78,135,91,85,36,485,VII,None
Togedemaru,5.471948051948055,5.477333333333335,"('Electric', 'Steel')",65,98,63,40,73,96,435,VII,None
Mimikyu,5.275901639344264,5.317142857142857,"('Fairy', 'Ghost')",55,90,80,50,105,96,476,VII,None
Bruxish,5.566559999999997,5.540476190476196,"('Psychic', 'Water')",68,105,70,70,70,92,475,VII,None
Ponyta,5.656105263157895,5.600666666666665,Fire,50,85,55,65,65,90,410,I,None
Drampa,5.708172043010753,5.644230769230767,"('Dragon', 'Normal')",78,60,85,135,91,36,485,VII,None
Dhelmise,5.433888888888887,5.478000000000002,"('Ghost', 'Grass')",70,131,100,86,90,40,517,VII,None
Jangmo-o,5.38347368421053,5.351309523809527,Dragon,45,55,65,45,45,45,300,VII,None
Hakamo-o,5.300709677419354,5.296992481203005,"('Dragon', 'Fighting')",55,75,90,65,70,65,420,VII,None
Kommo-o,5.324246031746034,5.308157894736842,"('Dragon', 'Fighting')",75,110,125,100,105,85,600,VII,None
Tapu Koko,5.643851351351353,5.550161290322584,"('Electric', 'Fairy')",70,115,85,95,75,130,570,VII,Legendary
Tapu Lele,5.558799999999998,5.527720588235291,"('Fairy', 'Psychic')",70,85,75,130,115,95,570,VII,Legendary
Tapu Bulu,5.520710059171597,5.5682142857142845,"('Fairy', 'Grass')",70,130,115,85,95,75,570,VII,Legendary
Tapu Fini,5.623870967741939,5.5887769784172665,"('Fairy', 'Water')",70,75,115,95,130,85,570,VII,Legendary
Cosmog,5.610729166666666,5.612405063291142,Psychic,43,29,31,29,31,37,200,VII,Legendary
Rapidash,5.655079365079367,5.6272881355932185,Fire,65,100,70,80,80,105,500,I,None
Cosmoem,5.510634920634919,5.589655172413791,Psychic,43,29,131,29,131,37,400,VII,Legendary
Solgaleo,5.694454545454542,5.654693877551018,"('Psychic', 'Steel')",137,137,107,113,89,97,680,VII,Legendary
Lunala,5.808726114649677,5.727638888888887,"('Ghost', 'Psychic')",137,113,89,137,107,97,680,VII,Legendary
Nihilego,5.5683206106870236,5.535619047619047,"('Poison', 'Rock')",109,53,47,127,131,103,570,VII,None
Buzzwole,5.4697435897435875,5.316428571428569,"('Bug', 'Fighting')",107,139,139,53,53,79,570,VII,None
Pheromosa,5.70848484848485,5.66805194805195,"('Bug', 'Fighting')",71,137,37,137,37,151,570,VII,None
Xurkitree,5.5726315789473695,5.5165555555555565,Electric,83,89,71,173,71,83,570,VII,None
Celesteela,5.572483221476513,5.570751879699247,"('Flying', 'Steel')",97,101,103,107,101,61,570,VII,None
Kartana,5.335523809523808,5.282000000000001,"('Grass', 'Steel')",59,181,131,59,31,109,570,VII,None
Guzzlord,5.558975903614458,5.5615646258503375,"('Dark', 'Dragon')",223,101,53,97,53,43,570,VII,None
Slowpoke,5.590937500000003,5.559636363636365,"('Psychic', 'Water')",90,65,65,40,40,15,315,I,None
Squirtle,5.590270270270271,5.638285714285713,Water,44,48,65,50,64,43,314,I,None
Necrozma,5.5717857142857135,5.48422680412371,Psychic,97,107,101,127,89,79,600,VII,Legendary
Magearna,5.642795698924727,5.669177215189872,"('Fairy', 'Steel')",80,95,115,130,115,65,600,VII,Mythical
Marshadow,5.472297297297295,5.3423880597014906,"('Fighting', 'Ghost')",90,125,80,90,90,125,600,VII,Mythical
Poipole,5.608208955223881,5.670384615384612,Poison,67,73,67,73,67,73,420,VII,None
Naganadel,5.450603448275863,5.27742574257426,"('Dragon', 'Poison')",73,73,73,127,73,121,540,VII,None
Stakataka,5.44791044776119,5.314181818181816,"('Rock', 'Steel')",61,131,211,53,101,13,570,VII,None
Blacephalon,5.669320388349515,5.59913043478261,"('Fire', 'Ghost')",53,127,53,151,79,107,570,VII,None
Zeraora,5.6161445783132535,5.5382608695652165,Electric,88,112,75,102,80,143,600,VII,Mythical
Meltan,5.606842105263159,5.564923076923076,Steel,46,65,65,55,35,34,300,VII,Mythical
Melmetal,5.629677419354839,5.567123287671231,Steel,135,143,143,80,65,34,600,VII,Mythical
Slowbro,5.424516129032261,5.361111111111111,"('Psychic', 'Water')",95,75,110,100,80,30,490,I,None
Magnemite,5.610746268656716,5.530412371134024,"('Electric', 'Steel')",25,35,70,95,55,45,325,I,None
Magneton,5.664925373134325,5.526603773584906,"('Electric', 'Steel')",50,60,95,120,70,70,465,I,None
Farfetch'd,5.605166666666666,5.6324999999999985,"('Flying', 'Normal')",52,65,55,58,62,60,352,I,None
Doduo,5.6509876543209865,5.608450704225352,"('Flying', 'Normal')",35,85,45,35,35,75,310,I,None
Dodrio,5.480373134328358,5.5575675675675695,"('Flying', 'Normal')",60,110,70,60,60,100,460,I,None
Seel,5.5030769230769225,5.456949152542373,Water,65,45,55,45,70,45,325,I,None
Dewgong,5.592368421052631,5.604516129032262,"('Ice', 'Water')",90,70,80,70,95,70,475,I,None
Grimer,5.430217391304346,5.4607920792079225,Poison,80,80,50,40,50,25,325,I,None
Muk,5.436385542168677,5.433250000000004,Poison,105,105,75,65,100,50,500,I,None
Wartortle,5.563793103448279,5.564698795180721,Water,59,63,80,65,80,58,405,I,None
Shellder,5.560354609929077,5.627931034482759,Water,30,65,100,45,25,40,305,I,None
Cloyster,5.252282608695656,5.416962025316456,"('Ice', 'Water')",50,95,180,85,45,70,525,I,None
Gastly,5.664651162790701,5.644202898550727,"('Ghost', 'Poison')",30,35,30,100,35,80,310,I,None
Haunter,5.393970588235297,5.267719298245614,"('Ghost', 'Poison')",45,50,45,115,55,95,405,I,None
Gengar,5.623622047244092,5.5974999999999975,"('Ghost', 'Poison')",60,65,60,130,75,110,500,I,None
Onix,5.488115942028986,5.518518518518518,"('Ground', 'Rock')",35,45,160,30,45,70,385,I,None
Drowzee,5.795476190476192,5.82455696202532,Psychic,60,48,45,43,90,42,328,I,None
Hypno,5.550468749999999,5.5214285714285705,Psychic,85,73,70,73,115,67,483,I,None
Krabby,5.5026732673267365,5.6489333333333365,Water,30,105,90,25,25,50,325,I,None
Kingler,5.488631578947369,5.4875000000000025,Water,55,130,115,50,50,75,475,I,None
Blastoise,5.502307692307695,5.538351648351648,Water,79,83,100,85,105,78,530,I,None
